Text,Positive,Negative
cnhi,0.0,1.0
brand,2.0,1.0
iveco,0.0,1.0
bu,0.0,2.0
deliv,0.0,1.0
crossway,0.0,1.0
low,1.0,1.0
entri,0.0,1.0
line,0.0,1.0
arriva,0.0,1.0
czech,0.0,1.0
republ,0.0,1.0
biggest,0.0,4.0
mover,0.0,4.0
yesterday,0.0,3.0
johnson,0.0,2.0
start,0.0,2.0
coronaviru,2.0,2.0
vaccin,1.0,3.0
human,0.0,1.0
trial,1.0,1.0
ahead,0.0,1.0
schedul,0.0,2.0
juli,0.0,3.0
advanc,5.0,5.0
auto,5.0,5.0
part,5.0,5.0
report,5.0,7.0
multiyear,0.0,1.0
partnership,0.0,1.0
nascar,0.0,1.0
term,0.0,1.0
disclos,0.0,1.0
tech,0.0,2.0
stock,10.0,6.0
faang,1.0,2.0
strong,3.0,3.0
day,3.0,2.0
market,7.0,5.0
await,0.0,2.0
fed,0.0,1.0
big,1.0,1.0
price,14.0,4.0
target,13.0,4.0
chang,0.0,1.0
wednesday,1.0,1.0
stifel,0.0,1.0
maintain,11.0,3.0
buy,4.0,1.0
aaron,2.0,1.0
rais,13.0,2.0
share,9.0,6.0
retail,3.0,1.0
apparel,3.0,1.0
compani,5.0,6.0
trade,11.0,6.0
lower,1.0,2.0
amid,4.0,1.0
weak,0.0,2.0
investor,0.0,2.0
today,1.0,2.0
feder,0.0,1.0
reserv,0.0,1.0
decis,0.0,1.0
updat,2.0,1.0
state,1.0,3.0
economi,3.0,1.0
sell,1.0,1.0
past,0.0,1.0
session,2.0,5.0
follow,1.0,1.0
recent,0.0,1.0
surg,0.0,1.0
sono,0.0,1.0
spike,0.0,1.0
high,6.0,4.0
citron,0.0,1.0
andrew,0.0,1.0
left,0.0,1.0
current,0.0,2.0
interview,0.0,1.0
fox,0.0,1.0
busi,0.0,2.0
said,0.0,1.0
acquir,0.0,1.0
appl,17.0,7.0
amazon,0.0,2.0
higher,2.0,3.0
despit,2.0,2.0
see,2.0,1.0
specif,0.0,1.0
news,1.0,1.0
expect,2.0,4.0
begin,2.0,2.0
iphon,5.0,2.0
product,1.0,2.0
announc,1.0,1.0
hous,0.0,1.0
chip,1.0,1.0
mac,0.0,1.0
wwdc,0.0,1.0
adj,1.0,1.0
ep,2.0,2.0
vs,3.0,0.0
est,2.0,0.0
sale,3.0,2.0
M,3.0,0.0
continu,2.0,0.0
upward,1.0,0.0
momentum,1.0,0.0
surround,1.0,0.0
reopen,7.0,2.0
increas,2.0,0.0
consum,3.0,1.0
spend,3.0,1.0
econom,3.0,1.0
activ,2.0,1.0
new,4.0,1.0
york,1.0,0.0
citi,1.0,0.0
move,3.0,3.0
phase,1.0,0.0
plan,1.0,0.0
monday,1.0,0.0
airlin,2.0,0.0
soar,1.0,0.0
pre,3.0,1.0
optim,3.0,0.0
get,3.0,0.0
patent,1.0,0.0
social,1.0,1.0
distanc,1.0,0.0
group,1.0,0.0
selfi,1.0,0.0
munster,1.0,0.0
say,3.0,0.0
radar,1.0,0.0
contribut,1.0,0.0
cupertino,1.0,0.0
net,1.0,0.0
incom,1.0,0.0
growth,2.0,0.0
español,1.0,0.0
•,1.0,0.0
cannabi,1.0,0.0
en,1.0,0.0
argentina,1.0,0.0
blockchain,1.0,0.0
uruguayo,1.0,0.0
elon,1.0,0.0
musk,2.0,0.0
warren,1.0,0.0
buffett,2.0,0.0
jeff,1.0,0.0
bezo,1.0,0.0
isiah,1.0,0.0
thoma,1.0,0.0
y,1.0,0.0
canopi,1.0,0.0
premarket,1.0,0.0
prep,1.0,0.0
geniu,2.0,0.0
casino,1.0,0.0
lift,2.0,0.0
surpris,1.0,0.0
job,2.0,0.0
digest,1.0,0.0
datum,1.0,0.0
sector,1.0,0.0
hit,2.0,1.0
friday,3.0,1.0
massiv,1.0,0.0
ralli,1.0,1.0
add,1.0,0.0
nearli,1.0,0.0
valu,1.0,0.0
month,1.0,0.0
potenti,2.0,0.0
boost,1.0,0.0
discretionari,1.0,2.0
suntrust,1.0,0.0
robinson,1.0,0.0
humphrey,1.0,0.0
immun,1.0,0.0
join,1.0,0.0
beij,1.0,0.0
billion,2.0,0.0
yuan,2.0,0.0
consumpt,1.0,0.0
voucher,1.0,0.0
program,1.0,1.0
discount,1.0,0.0
purchas,1.0,0.0
maximum,1.0,0.0
china,1.0,0.0
global,2.0,0.0
time,1.0,0.0
look,2.0,1.0
earn,3.0,4.0
zoom,1.0,0.0
initi,1.0,0.0
slip,1.0,0.0
revers,1.0,0.0
cours,1.0,0.0
warner,1.0,0.0
music,2.0,0.0
ceo,3.0,0.0
ipo,2.0,0.0
languag,1.0,0.0
morgan,1.0,1.0
stanley,1.0,1.0
bullish,1.0,0.0
rise,2.0,0.0
app,1.0,0.0
store,3.0,1.0
revenu,2.0,0.0
tesla,1.0,0.0
offic,1.0,0.0
charg,1.0,0.0
floyd,2.0,0.0
murder,1.0,0.0
case,1.0,0.0
peek,1.0,0.0
futur,1.0,0.0
crude,1.0,0.0
oil,1.0,0.0
track,3.0,0.0
steal,1.0,0.0
looter,1.0,0.0
NY,1.0,0.0
post,1.0,0.0
articl,2.0,0.0
moneygram,1.0,0.0
jump,1.0,0.0
western,1.0,0.0
union,1.0,0.0
reportedli,2.0,0.0
acquisit,1.0,0.0
hear,1.0,0.0
susquehanna,1.0,0.0
check,1.0,0.0
suggest,1.0,0.0
total,1.0,0.0
build,2.0,0.0
m,1.0,0.0
firm,1.0,0.0
unconfirm,1.0,0.0
volum,1.0,0.0
model,2.0,0.0
write,1.0,0.0
employe,1.0,0.0
georg,1.0,0.0
death,1.0,0.0
urg,1.0,0.0
well,3.0,1.0
world,2.0,0.0
gun,1.0,0.0
secur,4.0,0.0
weekend,1.0,0.0
protest,1.0,0.0
turn,1.0,0.0
violent,1.0,0.0
destruct,1.0,0.0
pay,1.0,0.0
hacker,1.0,0.0
india,1.0,0.0
discov,1.0,0.0
sign,1.0,0.0
vulner,1.0,0.0
carter,1.0,0.0
worth,2.0,0.0
mike,1.0,0.0
khouw,1.0,0.0
deciphera,1.0,0.0
prepar,1.0,0.0
collect,1.0,0.0
fda,2.0,0.0
approv,2.0,0.0
posit,1.0,0.0
mighti,1.0,0.0
gross,1.0,0.0
profit,1.0,0.0
mid,3.0,1.0
morn,1.0,0.0
open,2.0,0.0
lot,1.0,0.0
beat,1.0,2.0
estim,1.0,2.0
costco,1.0,1.0
come,1.0,0.0
pressur,1.0,0.0
martin,0.0,1.0
scorses,0.0,1.0
movi,0.0,1.0
financ,0.0,1.0
actor,0.0,1.0
judg,0.0,1.0
dismiss,0.0,1.0
conserv,0.0,1.0
bia,0.0,1.0
lawsuit,1.0,2.0
facebook,0.0,2.0
twitter,0.0,1.0
googl,0.0,1.0
networknewsbreak,0.0,1.0
–,0.0,1.0
arca,0.0,1.0
biopharma,0.0,1.0
nasdaq,0.0,1.0
abio,0.0,1.0
launch,0.0,1.0
develop,0.0,1.0
evalu,0.0,1.0
treatment,0.0,1.0
associ,0.0,1.0
cac,0.0,1.0
tap,0.0,1.0
close,0.0,1.0
mull,0.0,1.0
toll,0.0,1.0
brother,0.0,1.0
result,1.0,3.0
trump,0.0,1.0
execut,0.0,1.0
order,0.0,1.0
expos,0.0,1.0
medium,0.0,1.0
content,0.0,1.0
polici,0.0,1.0
analyst,2.0,0.0
optimist,1.0,0.0
trajectori,1.0,0.0
b,3.0,0.0
leido,1.0,0.0
award,1.0,0.0
payment,1.0,0.0
virnetx,1.0,0.0
tool,1.0,0.0
tell,1.0,0.0
option,1.0,0.0
spread,1.0,0.0
good,1.0,0.0
deal,1.0,0.0
popular,1.0,0.0
smartphon,1.0,0.0
equiti,0.0,1.0
hope,1.0,1.0
pickup,0.0,1.0
mean,0.0,1.0
fast,0.0,1.0
return,0.0,1.0
netflix,0.0,1.0
record,0.0,1.0
week,0.0,2.0
studi,0.0,1.0
american,0.0,1.0
partner,0.0,1.0
phone,1.0,1.0
permiss,0.0,1.0
ub,2.0,0.0
neutral,4.0,0.0
agil,6.0,2.0
technolog,6.0,2.0
cfra,1.0,1.0
hold,1.0,1.0
thursday,1.0,1.0
hour,0.0,1.0
overweight,0.0,1.0
guggenheim,1.0,0.0
wedbush,1.0,0.0
outperform,1.0,0.0
nomura,1.0,0.0
instinet,1.0,0.0
exposur,1.0,0.0
notif,1.0,0.0
set,1.0,0.0
live,1.0,0.0
io,1.0,0.0
user,1.0,0.0
tuesday,0.0,2.0
recap,0.0,1.0
bad,0.0,1.0
invest,1.0,0.0
fitbit,1.0,0.0
receiv,1.0,0.0
PD,1.0,0.0
companion,1.0,0.0
diagnost,1.0,0.0
industri,1.0,0.0
strength,1.0,0.0
moderna,1.0,0.0
stoke,1.0,0.0
rebound,1.0,0.0
reinstat,1.0,0.0
abbvi,1.0,0.0
block,1.0,0.0
shipment,1.0,0.0
semiconductor,1.0,0.0
huawei,1.0,0.0
quick,1.0,0.0
retreat,1.0,0.0
impress,1.0,0.0
turnaround,1.0,0.0
halt,1.0,0.0
fresh,1.0,0.0
tiff,1.0,0.0
berkshir,1.0,0.0
show,2.0,0.0
stake,2.0,0.0
aaon,1.0,0.0
semi,1.0,0.0
annual,1.0,0.0
dividend,1.0,0.0
persh,1.0,0.0
squar,1.0,0.0
fund,1.0,0.0
fargo,1.0,0.0
equal,1.0,0.0
weight,1.0,0.0
fbi,1.0,0.0
seiz,1.0,0.0
richard,1.0,0.0
burr,1.0,0.0
investig,1.0,0.0
mix,1.0,0.0
soni,1.0,0.0
effect,1.0,0.0
computer,1.0,0.0
glass,1.0,0.0
will,1.0,0.0
readi,1.0,0.0
earli,1.0,0.0
supplier,1.0,0.0
tsmc,1.0,0.0
arizona,1.0,0.0
plant,1.0,0.0
verg,1.0,0.0
